Criteri,Excel·lent (4),Bé (3),Adequat (2),Insuficient (1)
Funcionalitat del Joc,El joc està completament funcional i sense errors,El joc està majoritàriament funcional amb errors mínims,El joc és funcional, però conté errors significatius,El joc no és funcional o està incomplet
Ús de Sessions,Sessions ben implementades per a mantenir l'estat del joc,Sessions utilitzades correctament amb alguns problemes menors,Sessions utilitzades, però amb deficiències importants,No s'han utilitzat sessions o són incorrectes
Ús de Cookies,Cookies ben utilitzades per a recordar els jugadors,Cookies utilitzades adequadament amb algunes millores possibles,Cookies utilitzades amb limitacions evidents,No s'han utilitzat cookies o són incorrectes
Autenticació d'Usuaris,Autenticació segura i efectiva implementada,Autenticació implementada amb alguns problemes,Autenticació present però amb deficiències notables,No s'ha implementat autenticació o és incorrecta
Interfície d'Usuari,Interfície atractiva i fàcil d'utilitzar,Interfície clara amb algunes millores possibles,Interfície funcional però poc intuïtiva,Interfície confusa i difícil d'utilitzar
Seguretat,Totes les mesures de seguretat implementades correctament,Seguretat adequada amb algunes millores possibles,Mesures de seguretat bàsiques implementades,No s'han tingut en compte mesures de seguretat
Comentaris i Codi,Codi ben comentat i fàcilment llegible,Codi clar amb comentaris adequats,Codi llegible però amb pocs comentaris,Codi desordenat i sense comentaris
Innovació i Creativitat,El projecte mostra innovació significativa,Algunes idees creatives han estat implementades,Alguna creativitat present, però limitada,Cap creativitat o innovació en el projecte
