"Nivel","Criteri d'Avaluació","Insuficient (1 punt)","Adequat (2 punts)","Bé (3 punts)","Excel·lent (4 punts)"
"1","Implementació de Programació Orientada a Objectes (POO)","Les classes no estan ben dissenyades, falta encapsulació, ús incorrecte d'herència, o mètodes no funcionals.","Les classes estan creades però poden tindre errors o una estructura confusa. S'aplica la POO de manera bàsica, però hi ha problemes de disseny.","Classes correctament estructurades i funcionalment completes. Ús adequat d'encapsulació, herència i polimorfisme.","Disseny de classes ben organitzat, reutilitzable i amb una implementació clara dels principis de POO."
"2","Separació del Model de Negoci de la Presentació (MVC)","No s'ha implementat la separació de model i presentació; el codi de lògica i presentació està mesclat.","Hi ha una separació parcial, però algunes parts de la lògica del negoci es barregen amb la presentació o a l'inrevés.","La separació entre model, vista i controlador està ben implementada, però podria millorar en alguns aspectes.","Excel·lent separació entre el model, vista i controlador, seguint els principis del patró MVC i mantenint un codi net."
"3","Integració de Composer i Autoloading","No s'ha configurat Composer o l'autoloading, o està mal configurat i no funciona correctament.","Composer s'ha utilitzat, però amb una estructura de projectes i autoloading bàsics o incorrectes.","Composer i l'autoloading estan configurats correctament amb una estructura de projectes ben definida.","Ús excel·lent de Composer amb una configuració avançada d'autoloading i una estructura de projecte organitzada i modular."
"4","Implementació de Proves amb PHPUnit","No s'han creat proves, o les proves creades són mínimes i no adequades per a verificar la funcionalitat.","Es presenten proves bàsiques amb PHPUnit, però cobreixen parcialment les funcionalitats requerides.","Proves unitàries completes que cobreixen la majoria dels casos, incloent proves de gestió de sessions i lògica de joc.","Proves exhaustives que cobreixen totes les funcionalitats i consideren casos límit, amb ús de mocks quan necessari."
"5","Ús de Logger amb Monolog","No s'ha implementat el logger o no s'utilitza de manera efectiva per registrar esdeveniments importants.","Logger implementat, però amb ús limitat o incorrecte en la registració d'esdeveniments i errors.","Logger ben implementat, amb esdeveniments i errors registrats adequadament en diferents fitxers o canals.","Ús avançat de logger amb diferents handlers per registrar informació, errors, i seguiment detallat del flux del joc."
"6","Documentació amb PHPDoc","Falta documentació o és insuficient per comprendre les classes i mètodes del projecte.","Documentació bàsica amb PHPDoc, però amb omisions o descripcions poc clares.","Documentació completa amb PHPDoc per a totes les classes i mètodes, amb descripcions clares i detallades.","Documentació excel·lent amb PHPDoc, ben estructurada i completa, facilitant la comprensió i manteniment del projecte."
"7","Qualitat del Codi i Bones Pràctiques","Codi desorganitzat, amb molts errors de sintaxi, mala nomenclatura, o sense bones pràctiques de codi.","Codi funcional però amb problemes d'estructura, estil inconsistent o incompliment parcial de bones pràctiques.","Codi ben escrit, seguint les convencions de nomenclatura i bones pràctiques de desenvolupament.","Codi de qualitat professional, net, ben organitzat, i seguint rigorosament les millors pràctiques de programació."
