{
	"info": {
		"_postman_id": "332255a0-f327-4861-9b9c-95da3afd3456",
		"name": "BatoiBooksApi",
		"schema": "https://schema.getpostman.com/json/collection/v2.0.0/collection.json",
		"_exporter_id": "10298028"
	},
	"item": [
		{
			"name": "Books",
			"item": [
				{
					"name": "Get All Books",
					"request": {
						"method": "GET",
						"header": [],
						"url": "{{BASE_URL}}/books.php"
					},
					"response": []
				},
				{
					"name": "Get Book By ID",
					"request": {
						"method": "GET",
						"header": [],
						"url": {
							"raw": "{{BASE_URL}}/books.php?id=2",
							"host": [
								"{{BASE_URL}}"
							],
							"path": [
								"books.php"
							],
							"query": [
								{
									"key": "id",
									"value": "2"
								}
							]
						}
					},
					"response": []
				},
				{
					"name": "Add New Book",
					"request": {
						"method": "POST",
						"header": [],
						"body": {
							"mode": "raw",
							"raw": "{\n      \"userId\": 2,\n      \"moduleCode\": \"5021\",\n      \"publisher\": \"Pedro\",\n      \"price\": 12,\n      \"pages\": 12,\n      \"status\": \"good\",\n      \"photo\": \"\",\n      \"comments\": \"Pedro\",\n      \"soldDate\": \"\"\n    }",
							"options": {
								"raw": {
									"language": "json"
								}
							}
						},
						"url": "{{BASE_URL}}/books.php"
					},
					"response": []
				},
				{
					"name": "Modify book",
					"request": {
						"method": "PUT",
						"header": [],
						"body": {
							"mode": "raw",
							"raw": "{\n      \"userId\": 2,\n      \"moduleCode\": \"5021\",\n      \"publisher\": \"Pedro2\",\n      \"price\": 13,\n      \"pages\": 13,\n      \"status\": \"good\",\n      \"photo\": \"\",\n      \"comments\": \"Pedro2\",\n      \"soldDate\": \"\"\n    }",
							"options": {
								"raw": {
									"language": "json"
								}
							}
						},
						"url": {
							"raw": "{{BASE_URL}}/books/:id",
							"host": [
								"{{BASE_URL}}"
							],
							"path": [
								"books",
								":id"
							],
							"variable": [
								{
									"key": "id",
									"value": "92db"
								}
							]
						}
					},
					"response": []
				},
				{
					"name": "Delete Book",
					"request": {
						"method": "DELETE",
						"header": [],
						"url": {
							"raw": "{{BASE_URL}}/books/:id",
							"host": [
								"{{BASE_URL}}"
							],
							"path": [
								"books",
								":id"
							],
							"variable": [
								{
									"key": "id",
									"value": "92db"
								}
							]
						}
					},
					"response": []
				}
			]
		},
		{
			"name": "Users",
			"item": [
				{
					"name": "Get All Users",
					"request": {
						"method": "GET",
						"header": [],
						"url": "{{BASE_URL}}/users.php"
					},
					"response": []
				},
				{
					"name": "Get User By ID",
					"request": {
						"method": "GET",
						"header": [],
						"url": {
							"raw": "{{BASE_URL}}/users.php?id=2",
							"host": [
								"{{BASE_URL}}"
							],
							"path": [
								"users.php"
							],
							"query": [
								{
									"key": "id",
									"value": "2"
								}
							]
						}
					},
					"response": []
				},
				{
					"name": "Add New User",
					"request": {
						"method": "POST",
						"header": [],
						"body": {
							"mode": "raw",
							"raw": "{\n      \"email\": \"pedro@gmail.com\",\n      \"nick\": \"Pedro\",\n      \"password\": \"1234\"\n    }",
							"options": {
								"raw": {
									"language": "json"
								}
							}
						},
						"url": "{{BASE_URL}}/users.php "
					},
					"response": []
				},
				{
					"name": "Modify user",
					"request": {
						"method": "PUT",
						"header": [],
						"body": {
							"mode": "raw",
							"raw": "{\n      \"email\": \"\",\n      \"nick\": \"\",\n      \"password\": \"\"\n    }",
							"options": {
								"raw": {
									"language": "json"
								}
							}
						},
						"url": {
							"raw": "{{BASE_URL}}/users/:id",
							"host": [
								"{{BASE_URL}}"
							],
							"path": [
								"users",
								":id"
							],
							"variable": [
								{
									"key": "id",
									"value": "f912"
								}
							]
						}
					},
					"response": []
				},
				{
					"name": "Delete User",
					"request": {
						"method": "DELETE",
						"header": [],
						"url": {
							"raw": "{{BASE_URL}}/users/:id",
							"host": [
								"{{BASE_URL}}"
							],
							"path": [
								"users",
								":id"
							],
							"variable": [
								{
									"key": "id",
									"value": ""
								}
							]
						}
					},
					"response": []
				}
			]
		},
		{
			"name": "Modules",
			"item": [
				{
					"name": "Get All Modules",
					"request": {
						"method": "GET",
						"header": [],
						"url": "{{BASE_URL}}/modules.php"
					},
					"response": []
				},
				{
					"name": "Get Module By Code",
					"request": {
						"method": "GET",
						"header": [
							{
								"key": "Cache-Control",
								"value": "no-cache",
								"type": "text"
							},
							{
								"key": "Postman-Token",
								"value": "<calculated when request is sent>",
								"type": "text"
							},
							{
								"key": "Host",
								"value": "<calculated when request is sent>",
								"type": "text"
							},
							{
								"key": "User-Agent",
								"value": "PostmanRuntime/7.39.1",
								"type": "text"
							},
							{
								"key": "Accept",
								"value": "*/*",
								"type": "text"
							},
							{
								"key": "Accept-Encoding",
								"value": "gzip, deflate, br",
								"type": "text",
								"disabled": true
							},
							{
								"key": "Connection",
								"value": "keep-alive",
								"type": "text"
							}
						],
						"url": {
							"raw": "{{BASE_URL}}/modules/?code",
							"host": [
								"{{BASE_URL}}"
							],
							"path": [
								"modules",
								""
							],
							"query": [
								{
									"key": "code",
									"value": null
								}
							]
						}
					},
					"response": []
				}
			]
		},
		{
			"name": "Courses",
			"item": [
				{
					"name": "Add new course",
					"request": {
						"method": "POST",
						"header": [
							{
								"key": "Content-Type",
								"value": "application/json",
								"type": "text"
							}
						],
						"body": {
							"mode": "raw",
							"raw": "{\n    \"id\": 26,\n    \"course\":  \"PRV\" ,\n    \"familyId\": 5,\n    \"vliteral\": \"Some value\",\n    \"cliteral\": \"Another value\"\n}",
							"options": {
								"raw": {
									"language": "json"
								}
							}
						},
						"url": "{{BASE_URL}}/course.php"
					},
					"response": []
				},
				{
					"name": "Update Course",
					"request": {
						"method": "PUT",
						"header": [
							{
								"key": "Content-Type",
								"value": "application/json",
								"type": "text"
							}
						],
						"body": {
							"mode": "raw",
							"raw": "{\n    \"course\": \"PRV\",\n    \"familyId\": 5,\n    \"vliteral\": \"Ciclo_de_prueba\",\n    \"cliteral\": \"Cicle_de_prova\"\n}",
							"options": {
								"raw": {
									"language": "json"
								}
							}
						},
						"url": {
							"raw": "{{BASE_URL}}/course.php?id=26",
							"host": [
								"{{BASE_URL}}"
							],
							"path": [
								"course.php"
							],
							"query": [
								{
									"key": "id",
									"value": "26"
								}
							]
						}
					},
					"response": []
				},
				{
					"name": "Delete Course",
					"request": {
						"method": "DELETE",
						"header": [
							{
								"key": "Content-Type",
								"value": "application/json",
								"type": "text"
							}
						],
						"body": {
							"mode": "raw",
							"raw": "{\n    \"course\": \"PRV\",\n    \"familyId\": 5,\n    \"vliteral\": \"Ciclo_de_prueba\",\n    \"cliteral\": \"Cicle_de_prova\"\n}",
							"options": {
								"raw": {
									"language": "json"
								}
							}
						},
						"url": {
							"raw": "{{BASE_URL}}/course.php?id=26",
							"host": [
								"{{BASE_URL}}"
							],
							"path": [
								"course.php"
							],
							"query": [
								{
									"key": "id",
									"value": "26"
								}
							]
						}
					},
					"response": []
				},
				{
					"name": "Get All courses",
					"protocolProfileBehavior": {
						"disableBodyPruning": true
					},
					"request": {
						"method": "GET",
						"header": [
							{
								"key": "Content-Type",
								"value": "application/json",
								"type": "text"
							}
						],
						"body": {
							"mode": "raw",
							"raw": "",
							"options": {
								"raw": {
									"language": "json"
								}
							}
						},
						"url": "{{BASE_URL}}/course.php "
					},
					"response": []
				},
				{
					"name": "Get course By ID",
					"request": {
						"method": "GET",
						"header": [],
						"url": {
							"raw": "{{BASE_URL}}/course.php?id=26",
							"host": [
								"{{BASE_URL}}"
							],
							"path": [
								"course.php"
							],
							"query": [
								{
									"key": "id",
									"value": "26"
								}
							]
						}
					},
					"response": []
				}
			]
		},
		{
			"name": "Auth",
			"item": [
				{
					"name": "batoiBook_Register",
					"request": {
						"method": "POST",
						"header": [
							{
								"key": "Content-Type",
								"value": "application/json",
								"type": "text"
							}
						],
						"body": {
							"mode": "raw",
							"raw": "{\n    \"email\": \"ignasi@teleline.es\",\n    \"password\":  \"1234\"  \n}",
							"options": {
								"raw": {
									"language": "json"
								}
							}
						},
						"url": "{{BASE_URL}}/register.php"
					},
					"response": []
				},
				{
					"name": "batoiBook_Login",
					"request": {
						"method": "POST",
						"header": [
							{
								"key": "Content-Type",
								"value": "application/json",
								"type": "text"
							}
						],
						"body": {
							"mode": "raw",
							"raw": "{\n    \"email\": \"ignasi@teleline.es\",\n    \"password\":  \"1234\"  \n}",
							"options": {
								"raw": {
									"language": "json"
								}
							}
						},
						"url": "{{BASE_URL}}/login.php"
					},
					"response": []
				}
			]
		}
	],
	"event": [
		{
			"listen": "prerequest",
			"script": {
				"type": "text/javascript",
				"packages": {},
				"exec": [
					""
				]
			}
		},
		{
			"listen": "test",
			"script": {
				"type": "text/javascript",
				"packages": {},
				"exec": [
					""
				]
			}
		}
	],
	"variable": [
		{
			"key": "BASE_URL",
			"value": "http://localhost/api",
			"type": "string"
		}
	]
}